proc,size_bytes,run,iret,exectime_ms,maxrss_kib
RV32_ISS,65536,1,49158,39,38272
RV32_ISS,65536,2,49158,14,37728
RV32_ISS,65536,3,49158,38,37772
RV32_ISS,1048576,1,786438,154,79340
RV32_ISS,1048576,2,786438,153,79268
RV32_ISS,1048576,3,786438,153,79208
RV32_ISS,2097152,1,1572870,295,123828
RV32_ISS,2097152,2,1572870,327,123760
RV32_ISS,2097152,3,1572870,292,123732
RV32_ISS,4194304,1,3145734,609,212580
RV32_ISS,4194304,2,3145734,579,212972
RV32_ISS,4194304,3,3145734,595,213012
RV32_ISS,8388608,1,6291462,1128,392180
RV32_ISS,8388608,2,6291462,1135,392180
RV32_ISS,8388608,3,6291462,1168,392156
